{
  "run_date": "2026-01-02T18:34:25.158982",
  "test_seasons": [
    2024
  ],
  "settings": {
    "kelly_fraction": 0.15,
    "min_disagreement": 3.0,
    "spread_odds": -110
  },
  "results": {
    "initial_bankroll": 1000.0,
    "final_bankroll": 402.410601318258,
    "total_wagered": 14850.578278296867,
    "total_pnl": -597.5893986817421,
    "roi": -0.04024014334546684,
    "ats_win_rate": 0.5042492917847026,
    "num_bets": 353,
    "max_drawdown": 0.7948961387315574,
    "sharpe_ratio": -0.6175853250271891,
    "kelly_fraction_used": 0.15,
    "min_disagreement": 3.0,
    "avg_disagreement": 4.4213856248444685,
    "home_bets": 156,
    "away_bets": 197,
    "home_ats_pct": 0.5897435897435898,
    "away_ats_pct": 0.4365482233502538
  },
  "bankroll_history": [
    656.8434295333107,
    624.6128718406612,
    597.3435906175968,
    577.1730572073765,
    548.3144043470077,
    520.8986841296573,
    500.36105146178716,
    477.3542562826358,
    453.486543468504,
    469.7019193291032,
    485.08573326344964,
    507.1350847754246,
    530.186679537944,
    551.2292547463686,
    523.6677920090502,
    544.4732177348436,
    569.1338228031564,
    548.9855946339206,
    527.0987813328909,
    546.5853512668397,
    566.3954612938819,
    538.0756882291878,
    516.0029622082883,
    490.2028140978739,
    465.6926733929802,
    442.4080397233312,
    459.38764262710845,
    441.4439606752207,
    461.5095952513671,
    482.48730412642925,
    504.4185452230851,
    485.1740101621801,
    460.91530965407105,
    443.7279285834421,
    463.8973798826895,
    484.9836244228118,
    461.3518888186313,
    476.5841092527169,
    459.71228580746583,
    439.62137901520634,
    454.49886760742226,
    475.15790704412325,
    496.75599372794704,
    475.28816570800257,
    455.22926545738414,
    438.4625412910426,
    416.53941422649046,
    395.71244351516594,
    413.6993727658553,
    393.45871698628144,
    411.3432041220215,
    429.96111837625335,
    408.4630624574407,
    422.49057786805855,
    439.9808726289723,
    456.3703503615358,
    470.5042220580517,
    490.40434230585527,
    466.67047189634445,
    487.882766073451,
    463.4886277697785,
    484.55629266840475,
    499.56308805922964,
    476.4615464867603,
    458.7472581257827,
    436.54548086605934,
    414.7182068227564,
    398.1479322668302,
    413.57026367149297,
    397.46191852540534,
    410.6633692524137,
    428.96322231406754,
    448.4615506010706,
    426.03847307101705,
    409.4444976995398,
    392.9118250999062,
    407.18363383229604,
    392.6650776749067,
    410.51349029649333,
    389.98781578166864,
    407.7145346808354,
    426.2470135299643,
    404.9346628534661,
    423.34078389226,
    402.173744697647,
    383.57701927487835,
    401.01233833282737,
    381.3555728199057,
    398.68991703899235,
    384.3326801108682,
    365.11604610532476,
    379.6470694452803,
    363.026801630455,
    379.52801988638475,
    394.6326162851562,
    408.9738680967227,
    423.52155084354524,
    407.06003399881365,
    420.8339572120815,
    402.410601318258
  ]
}