{
  "run_date": "2026-01-01T22:17:17.871289",
  "test_season": 2024,
  "model_path": "models/spread_model_calibrated.pkl",
  "settings": {
    "kelly_fraction": 0.2,
    "min_edge": 0.03,
    "default_odds": 1.91
  },
  "results": {
    "initial_bankroll": 1000.0,
    "final_bankroll": 14730483.911650758,
    "total_wagered": 35620314.85153608,
    "total_pnl": 14729483.911650758,
    "roi": 0.413513579906371,
    "win_rate": 0.7063621533442088,
    "num_bets": 613,
    "max_drawdown": 0.2153718113494134,
    "sharpe_ratio": 6.656724817263545,
    "kelly_fraction_used": 0.2,
    "min_edge_threshold": 0.03
  },
  "bankroll_history": [
    1000.0,
    1017.5277531862287,
    1063.825265956202,
    1093.873671079132,
    1039.1799875251754,
    1073.3124702997206,
    1019.6468467847346,
    977.2242974782258,
    1021.6880030134851,
    987.0170924096311,
    958.751853548714,
    933.1109544975188,
    975.5675029271559,
    1019.9558243103415,
    1059.4233910427922,
    1107.6271553352392,
    1158.0241909029926,
    1210.7142915890788,
    1150.1785770096249,
    1202.5117022635627,
    1142.3861171503845,
    1085.2668112928652,
    1134.6464512066905,
    1077.914128646356,
    1126.9592214997651,
    1150.3826612635137,
    1202.7250723510035,
    1257.4490631429742,
    1314.6629955159794,
    1248.9298457401806,
    1202.2485768253323,
    1256.9508870708848,
    1233.835756816675,
    1172.1439689758413,
    1225.4765195642422,
    1281.2357012044151,
    1217.1739161441944,
    1272.5553293287553,
    1295.7562341373684,
    1317.3793147363406,
    1377.3200735568441,
    1439.9881369036805,
    1367.9887300584965,
    1421.2547339551663,
    1350.191997257408,
    1309.9296102396631,
    1331.4979517334175,
    1392.081108537288,
    1322.4770531104236,
    1382.649759026948,
    1313.5172710756005,
    1276.353034773794,
    1334.4270978560016,
    1293.1222164500725,
    1351.959277298551,
    1385.14991281767,
    1448.1742338508739,
    1514.0661614910887,
    1540.0673930598912,
    1610.1404594441162,
    1650.696718100749,
    1725.803418774333,
    1804.3274743285651,
    1867.9949586020573,
    1952.988729218451,
    2041.8497163978905,
    2134.7538784939943,
    2231.8851799654713,
    2333.4359556539002,
    2419.82941026149,
    2529.9316484283877,
    2645.0435384318794,
    2765.39301943053,
    2627.1233684590034,
    2694.5436356435466,
    2817.145371065328,
    2676.288102512062,
    2798.059211176361,
    2925.3709052848853,
    3058.4752814753474,
    3189.400395319262,
    3073.473566084048,
    2981.0091378619904,
    3116.645053634711,
    3158.970636622339,
    3302.7038005886557,
    3452.9768235154397,
    3610.0872689853923,
    3429.582905536123,
    3585.6289277380165,
    3748.775043950096,
    3561.336291752591,
    3723.377093027334,
    3880.1445314961943,
    4056.691107679271,
    4241.270553078678,
    4434.248363243758,
    4336.655720254445,
    4276.549493467434,
    4382.0587124046015,
    4581.4423838190105,
    4789.898012282775,
    4923.557915659241,
    5147.579800821737,
    5381.794681759126,
    5626.666339779166,
    5882.679658239118,
    6006.519966243548,
    5706.193967931371,
    5965.825793472248,
    6237.270867075235,
    6311.598870287201,
    5996.018926772841,
    6268.837787941005,
    5955.395898543955,
    6226.366411927705,
    6381.61426450273,
    6671.977713537604,
    6767.875587535743,
    7075.813926768619,
    7397.763460436591,
    7716.432921400759,
    8067.530619324494,
    8434.603262503759,
    8818.37771094768,
    9219.6138967958,
    8758.63320195601,
    9157.151012645008,
    8848.230290562244,
    9015.553114387574,
    8564.775458668195,
    8954.472742037598,
    9361.90125180031,
    8893.806189210294,
    9298.474370819362,
    9721.554954691643,
    9235.47720695706,
    9655.691419873607,
    9172.906848879926,
    8889.679193348073,
    9294.15959664541,
    9717.043858292776,
    10159.169353845098,
    10621.41155944505,
    10755.889985004278,
    10439.321300579342,
    9917.355235550374,
    9421.487473772855,
    9850.16515382952,
    10298.347668328763,
    10766.922487237722,
    10228.576362875836,
    9912.992458792249,
    10364.033615667297,
    10835.597145180158,
    11328.616815285855,
    10762.185974521562,
    10901.728147472164,
    11397.756778182147,
    11916.354711589434,
    12103.369319538928,
    12474.703713978668,
    13042.302732964697,
    13635.727507314592,
    13811.936099959445,
    14440.3791925076,
    15097.416445766696,
    15435.692457736059,
    15901.312227563687,
    16187.18258294371,
    16923.69939046765,
    16540.08040497769,
    15713.076384728804,
    16104.228710689178,
    15889.287310285465,
    16612.249882903452,
    17368.10725257556,
    18158.356132567747,
    17250.43832593936,
    18035.333269769602,
    18855.94093354412,
    18409.55266438472,
    19247.187310614223,
    18673.728034236265,
    19523.382659794013,
    18547.213526804313,
    18997.316786131898,
    18047.4509468253,
    18868.609964905852,
    19727.13171830907,
    20611.445282090517,
    21549.266042425636,
    20759.47114626017,
    20312.174252156965,
    20816.372480662536,
    19775.55385662941,
    20675.341557106047,
    21616.06959795437,
    22599.600764661296,
    23627.882599453384,
    24344.65248546538,
    23565.247785998796,
    24637.466560261742,
    25758.47128875365,
    26731.29346878422,
    27947.567321613904,
    29219.181634747336,
    30548.65439912834,
    31938.61817428868,
    33391.825301218814,
    31722.234036157875,
    30136.12233434998,
    28629.31621763248,
    27197.850406750855,
    26200.167401832146,
    27392.27501861551,
    28638.623531962516,
    29799.023171062086,
    31154.87872534541,
    30291.9716868849,
    31670.25639863816,
    33111.253064776196,
    31455.690411537387,
    32886.92432526234,
    31242.578108999223,
    30191.54129472765,
    31565.25642363776,
    33001.47559091328,
    34503.042730299836,
    32777.89059378485,
    34269.284615802055,
    35828.537065821045,
    34037.110212529995,
    34713.883687251386,
    36293.36539502133,
    34478.69712527026,
    32754.762269006744,
    34245.10395224655,
    32532.848754634222,
    31944.25988194645,
    33397.723706575016,
    34253.80156089162,
    35812.34953191219,
    37441.81143561419,
    35569.72086383348,
    36433.87651035832,
    38091.617891579626,
    38824.49192131644,
    40591.006303736336,
    38561.45598854952,
    36633.38318912204,
    38300.20212422709,
    40042.86132087943,
    40844.10208426625,
    42702.50872910036,
    43846.78677628067,
    45841.81557460144,
    47927.6181832458,
    50108.32481058349,
    47602.908570054315,
    45222.7631415516,
    47280.3988644922,
    44916.37892126759,
    46330.1224283421,
    44013.616306924996,
    46016.235848890086,
    43715.42405644558,
    41534.54818646567,
    43424.37012894986,
    44032.26706989772,
    46035.73522157807,
    43733.94846049917,
    45723.84311545188,
    47804.27797720494,
    45414.064078344694,
    46001.55649869668,
    43701.47867376184,
    44697.74665059407,
    43465.86731309601,
    45443.564275841876,
    47511.24645039268,
    48477.212330821785,
    49387.553998405856,
    51634.68770533332,
    49052.953320066656,
    51284.86269612969,
    53618.32394880359,
    52231.0011548636,
    49619.45109712042,
    51877.1361220394,
    54237.545815592195,
    51525.66852481259,
    48949.385098571955,
    51176.58212055698,
    53505.11660704232,
    55652.43083171812,
    58184.61643456129,
    60832.01648233383,
    63599.87323228001,
    60419.87957066601,
    57398.885592132705,
    58579.47111348382,
    55650.49755780963,
    52867.97267991915,
    55273.46543685547,
    52509.792165012695,
    50068.351184740444,
    52346.461163646134,
    53818.53727803721,
    56193.481363628525,
    53383.8072954471,
    55812.77052738994,
    58352.251586386184,
    61007.27903356675,
    62150.479070845045,
