{
  "run_date": "2026-01-02T18:25:46.344656",
  "test_seasons": [
    2024
  ],
  "settings": {
    "kelly_fraction": 0.25,
    "min_edge": 0.02,
    "use_walk_forward": true,
    "market_simulation": "elo_based"
  },
  "results": {
    "initial_bankroll": 1000.0,
    "final_bankroll": 170.25827026367188,
    "total_wagered": 6976.07568359375,
    "total_pnl": -829.74169921875,
    "roi": -0.1189410388469696,
    "win_rate": 0.48027444253859347,
    "num_bets": 583,
    "max_drawdown": 0.8343204855918884,
    "sharpe_ratio": -2.749239746832064,
    "kelly_fraction_used": 0.25,
    "min_edge_threshold": 0.02,
    "avg_vig_paid": 0.022214200347661972,
    "edge_decay": 5.550046920776367
  },
  "bankroll_history": [
    253.3150177001953,
    255.86927795410156,
    260.02655029296875,
    260.6803283691406,
    263.12890625,
    261.0293884277344,
    256.5770263671875,
    260.629150390625,
    258.8431701660156,
    245.90101623535156,
    246.5389862060547,
    244.166259765625,
    247.7675323486328,
    246.59408569335938,
    251.23336791992188,
    253.2751922607422,
    252.03875732421875,
    248.61456298828125,
    250.6542205810547,
    251.49301147460938,
    254.9920654296875,
    252.4304962158203,
    251.2855224609375,
    248.90602111816406,
    247.48756408691406,
    251.1378173828125,
    244.29298400878906,
    247.8961181640625,
    245.05735778808594,
    248.67176818847656,
    244.6619110107422,
    248.27049255371094,
    251.9322967529297,
    247.42507934570312,
    251.0744171142578,
    249.6697540283203,
    250.39796447753906,
    249.36915588378906,
    253.0471649169922,
    250.96070861816406,
    254.66220092773438,
    258.41827392578125,
    248.8433837890625,
    252.51364135742188,
    255.85482788085938,
    254.7760772705078,
    242.0372772216797,
    245.60714721679688,
    247.04196166992188,
    245.266357421875,
    248.88385009765625,
    244.90626525878906,
    247.03770446777344,
    247.62355041503906,
    249.47898864746094,
    252.2676544189453,
    243.5322265625,
    241.51612854003906,
    229.44032287597656,
    230.5601806640625,
    231.39419555664062,
    234.233642578125,
    237.68841552734375,
    233.47274780273438,
    236.9163055419922,
    240.41064453125,
    243.95652770996094,
    236.7169952392578,
    232.62228393554688,
    236.05328369140625,
    233.42672729492188,
    221.75538635253906,
    219.03985595703125,
    221.3056640625,
    224.56976318359375,
    227.8820037841797,
    223.40908813476562,
    221.81089782714844,
    220.75885009765625,
    219.60552978515625,
    216.6360321044922,
    213.16378784179688,
    202.50559997558594,
    204.72640991210938,
    201.29534912109375,
    201.79510498046875,
    191.775146484375,
    189.4198760986328,
    189.9369659423828,
    188.16934204101562,
    184.9270477294922,
    183.8833465576172,
    179.74978637695312,
    180.55909729003906,
    177.1339111328125,
    178.44371032714844,
    175.0927734375,
    173.4495086669922,
    171.5491943359375,
    170.25827026367188
  ]
}