{
  "baseline": {
    "mode": "baseline",
    "initial_bankroll": 10000.0,
    "final_bankroll": 26894.563830357078,
    "peak_bankroll": 26894.563830357078,
    "total_profit": 16894.56383035704,
    "roi": 1.6894563830357077,
    "roi_pct": 168.94563830357077,
    "max_drawdown": 0.0,
    "max_drawdown_pct": 0.0,
    "total_bets": 1000,
    "win_rate": 0.617,
    "win_rate_pct": 61.7,
    "total_wagered": 100000.0,
    "sharpe_ratio": 2.60575100412748
  },
  "risk_aware": {
    "mode": "risk_aware",
    "initial_bankroll": 10000.0,
    "final_bankroll": 26894.563830357078,
    "peak_bankroll": 26894.563830357078,
    "total_profit": 16894.56383035704,
    "roi": 1.6894563830357077,
    "roi_pct": 168.94563830357077,
    "max_drawdown": 0.0,
    "max_drawdown_pct": 0.0,
    "total_bets": 1000,
    "win_rate": 0.617,
    "win_rate_pct": 61.7,
    "total_wagered": 100000.0,
    "sharpe_ratio": 2.60575100412748,
    "avg_adjustment_factor": 1.0,
    "correlation_reductions": 0,
    "drawdown_reductions": 0,
    "final_risk_status": {
      "current_bankroll": 26894.563830357078,
      "peak_bankroll": 26861.230497023742,
      "drawdown": 0.001240945880607573,
      "drawdown_scale_factor": 1.0,
      "pending_bets": 0,
      "pending_exposure": 0.0,
      "daily_wagered": 700.0,
      "status": "NORMAL"
    }
  },
  "comparison": {
    "roi_diff": 0.0,
    "roi_improvement_pct": 0.0,
    "drawdown_diff": 0.0,
    "drawdown_reduction_pct": 0,
    "sharpe_diff": 0.0,
    "sharpe_improvement_pct": 0.0,
    "bets_diff": 0,
    "bets_reduction_pct": 0.0,
    "profit_diff": 0.0
  }
}